filter,stock,value
sp_ig,NXE-CA,1
sp_ig,GEI-CA,1
sp_ig,D.UT-CA,1
sp_ig,WSP-CA,1
sp_ig,CHP.UT-CA,1
sp_ig,EDV-CA,1
sp_ig,LUN-CA,1
sp_ig,KEL-CA,1
sp_ig,IFP-CA,1
sp_ig,RNW-CA,1
sp_ig,APHA-CA,1
sp_ig,SW-CA,1
sp_ig,TRST-CA,1
sp_ig,BBU.UT-CA,1
sp_ig,EFN-CA,1
sp_ig,AIF-CA,1
sp_ig,CG-CA,1
sp_ig,CCO-CA,1
sp_ig,CSH.UT-CA,1
sp_ig,LNR-CA,1
sp_ig,HR.UT-CA,1
sp_ig,IGM-CA,1
sp_ig,ATZ-CA,1
sp_ig,SSL-CA,1
sp_ig,CHR-CA,1
sp_ig,CVE-CA,1
sp_ig,AFN-CA,1
sp_ig,PVG-CA,1
sp_ig,BIR-CA,1
sp_ig,CPG-CA,1
sp_ig,SSRM-CA,1
sp_ig,K-CA,1
sp_ig,NTR-CA,1
sp_ig,CFP-CA,1
sp_ig,NG-CA,1
sp_ig,MSI-CA,1
sp_ig,DSG-CA,1
sp_ig,BTO-CA,1
sp_ig,CUF.UT-CA,1
sp_ig,AGI-CA,1
sp_ig,WJA-CA,1
sp_ig,MAG-CA,1
sp_ig,CRR.UT-CA,1
sp_ig,KXS-CA,1
sp_ig,ERF-CA,1
sp_ig,ASR-CA,1
sp_ig,CIX-CA,1
sp_ig,ARX-CA,1
sp_ig,NVU.UT-CA,1
sp_ig,HEXO-CA,1
sp_ig,TECK.B-CA,1
sp_ig,SMF-CA,1
sp_ig,GOOS-CA,1
sp_ig,HSE-CA,1
sp_ig,SHOP-CA,1
sp_ig,KL-CA,1
sp_ig,IVN-CA,1
sp_ig,NWH.UT-CA,1
sp_ig,BEI.UT-CA,1
sp_ig,SJR.B-CA,1
sp_ig,FCR-CA,1
sp_ig,ACB-CA,1
sp_ig,ESI-CA,1
sp_ig,PEY-CA,1
sp_ig,ERO-CA,1
sp_ig,TRQ-CA,1
sp_ig,SMU.UT-CA,1
sp_ig,GC-CA,1
sp_ig,FR-CA,1
sp_ig,DOO-CA,1
sp_ig,BB-CA,1
sp_ig,SCL-CA,1
sp_ig,SRU.UT-CA,1
sp_ig,TXG-CA,1
sp_ig,GIB.A-CA,1
sp_ig,GUD-CA,1
sp_ig,WPK-CA,1
sp_ig,ECN-CA,1
sp_ig,DRG.UT-CA,1
sp_ig,WCP-CA,1
sp_ig,DGC-CA,1
sp_ig,TOU-CA,1
sp_ig,WTE-CA,1
sp_ig,AX.UT-CA,1
sp_ig,PXT-CA,1
sp_ig,WEED-CA,1
sp_ig,DIR.UT-CA,1
sp_ig,EXE-CA,1
sp_ig,ALA-CA,1
sp_ig,TOY-CA,1
sp_ig,CRON-CA,1
sp_ig,TRI-CA,1
sp_ig,CSU-CA,1
sp_ig,SNC-CA,1
sp_ig,TOG-CA,1
sp_ig,CGX-CA,1
sp_ig,FRU-CA,1
sp_ig,AD-CA,1
sp_ig,PSK-CA,1
sp_ig,IPL-CA,1
sp_ig,TCL.A-CA,1
sp_ig,FFH-CA,1
sp_ig,WEF-CA,1
sp_ig,LB-CA,1
sp_ig,MTL-CA,1
sp_ig,REI.UT-CA,1
sp_ig,SES-CA,1
sp_ig,SIA-CA,1
sp_ig,CM-CA,1
sp_ig,EIF-CA,1
sp_ig,FTT-CA,1
sp_ig,KEY-CA,1
sp_ig,NWC-CA,1
sp_ig,NFI-CA,1
sp_ig,WPM-CA,1
sp_ig,BLX-CA,1
sp_ig,INE-CA,1
sp_ig,PWF-CA,1
sp_ig,NPI-CA,1
sp_ig,BEP.UT-CA,1
sp_ig,H-CA,1
sp_ig,GWO-CA,1
sp_ig,CPX-CA,1
sp_ig,BCE-CA,1
sp_ig,OR-CA,1
sp_ig,EMA-CA,1
sp_ig,WN-CA,1
sp_ig,BNS-CA,1
sp_ig,AP.UT-CA,1
sp_ig,ZZZ-CA,1
sp_ig,POW-CA,1
sp_ig,ENB-CA,1
sp_ig,RCI.B-CA,1
sp_ig,PPL-CA,1
sp_ig,STN-CA,1
sp_ig,CWB-CA,1
sp_ig,PBH-CA,1
sp_ig,BMO-CA,1
sp_ig,BPY.UT-CA,1
sp_ig,T-CA,1
sp_ig,CU-CA,1
sp_ig,FNV-CA,1
sp_ig,NA-CA,1
sp_ig,KMP.UT-CA,1
sp_ig,RY-CA,1
sp_ig,FTS-CA,1
sp_ig,TCN-CA,1
sp_ig,ECA-CA,1
sp_ig,L-CA,1
sp_ig,MIC-CA,1
sp_ig,CTC.A-CA,1
sp_ig,SAP-CA,1
sp_ig,TRP-CA,1
sp_ig,CNQ-CA,1
sp_ig,RCH-CA,1
sp_ig,SU-CA,1
sp_ig,AEM-CA,1
sp_ig,ARE-CA,1
sp_ig,EMP.A-CA,1
sp_ig,IFC-CA,1
sp_ig,ONEX-CA,1
sp_ig,ACO.X-CA,1
sp_ig,BIP.UT-CA,1
sp_ig,SLF-CA,1
sp_ig,TD-CA,1
sp_ig,CAR.UT-CA,1
sp_ig,MFI-CA,1
sp_ig,MFC-CA,1
sp_ig,IAG-CA,1
sp_ig,LIF-CA,1
sp_ig,ABX-CA,1
sp_ig,IMO-CA,1
sp_ig,GRT.UT-CA,1
sp_ig,X-CA,1
sp_ig,PAAS-CA,1
sp_ig,CJT-CA,1
sp_ig,EFX-CA,1
sp_ig,AQN-CA,1
sp_ig,MRU-CA,1
sp_ig,PSI-CA,1
sp_ig,IIP.UT-CA,1
sp_ig,CNR-CA,1
sp_ig,BAM.A-CA,1
sp_ig,MG-CA,1
sp_ig,TFII-CA,1
sp_ig,CP-CA,1
sp_ig,SJ-CA,1
sp_ig,OGC-CA,1
sp_ig,TIH-CA,1
sp_ig,ATD.B-CA,1
sp_ig,CAE-CA,1
sp_ig,DOL-CA,1
sp_ig,CCL.B-CA,1
sp_ig,ENGH-CA,1
sp_ig,WCN-CA,1
sp_ig,MTY-CA,1
sp_ig,MRE-CA,1
sp_ig,CIGI-CA,1
sp_ig,GIL-CA,1
sp_ig,WFT-CA,1
sp_ig,BAD-CA,1
sp_ig,QBR.B-CA,1
moodys_ig,NXE-CA,1
moodys_ig,GEI-CA,1
moodys_ig,D.UT-CA,1
moodys_ig,WSP-CA,1
moodys_ig,CHP.UT-CA,1
moodys_ig,EDV-CA,1
moodys_ig,LUN-CA,1
moodys_ig,KEL-CA,1
moodys_ig,IFP-CA,1
moodys_ig,RNW-CA,1
moodys_ig,APHA-CA,1
moodys_ig,SW-CA,1
moodys_ig,TRST-CA,1
moodys_ig,BBU.UT-CA,1
moodys_ig,EFN-CA,1
moodys_ig,AIF-CA,1
moodys_ig,CG-CA,1
moodys_ig,CCO-CA,1
moodys_ig,CSH.UT-CA,1
moodys_ig,LNR-CA,1
moodys_ig,HR.UT-CA,1
moodys_ig,IGM-CA,1
moodys_ig,ATZ-CA,1
moodys_ig,SSL-CA,1
moodys_ig,CHR-CA,1
moodys_ig,CVE-CA,1
moodys_ig,AFN-CA,1
moodys_ig,PVG-CA,1
moodys_ig,BIR-CA,1
moodys_ig,CPG-CA,1
moodys_ig,SSRM-CA,1
moodys_ig,K-CA,1
moodys_ig,NTR-CA,1
moodys_ig,CFP-CA,1
moodys_ig,NG-CA,1
moodys_ig,MSI-CA,1
moodys_ig,DSG-CA,1
moodys_ig,BTO-CA,1
moodys_ig,CUF.UT-CA,1
moodys_ig,AGI-CA,1
moodys_ig,WJA-CA,1
moodys_ig,MAG-CA,1
moodys_ig,CRR.UT-CA,1
moodys_ig,KXS-CA,1
moodys_ig,ERF-CA,1
moodys_ig,ASR-CA,1
moodys_ig,CIX-CA,1
moodys_ig,ARX-CA,1
moodys_ig,NVU.UT-CA,1
moodys_ig,HEXO-CA,1
moodys_ig,TECK.B-CA,1
moodys_ig,SMF-CA,1
moodys_ig,GOOS-CA,1
moodys_ig,HSE-CA,1
moodys_ig,SHOP-CA,1
moodys_ig,KL-CA,1
moodys_ig,IVN-CA,1
moodys_ig,NWH.UT-CA,1
moodys_ig,BEI.UT-CA,1
moodys_ig,SJR.B-CA,1
moodys_ig,FCR-CA,1
moodys_ig,ACB-CA,1
moodys_ig,ESI-CA,1
moodys_ig,PEY-CA,1
moodys_ig,ERO-CA,1
moodys_ig,TRQ-CA,1
moodys_ig,SMU.UT-CA,1
moodys_ig,GC-CA,1
moodys_ig,FR-CA,1
moodys_ig,DOO-CA,1
moodys_ig,BB-CA,1
moodys_ig,SCL-CA,1
moodys_ig,SRU.UT-CA,1
moodys_ig,TXG-CA,1
moodys_ig,GIB.A-CA,1
moodys_ig,GUD-CA,1
moodys_ig,WPK-CA,1
moodys_ig,ECN-CA,1
moodys_ig,DRG.UT-CA,1
moodys_ig,WCP-CA,1
moodys_ig,DGC-CA,1
moodys_ig,TOU-CA,1
moodys_ig,WTE-CA,1
moodys_ig,AX.UT-CA,1
moodys_ig,PXT-CA,1
moodys_ig,WEED-CA,1
moodys_ig,DIR.UT-CA,1
moodys_ig,EXE-CA,1
moodys_ig,ALA-CA,1
moodys_ig,TOY-CA,1
moodys_ig,CRON-CA,1
moodys_ig,TRI-CA,1
moodys_ig,CSU-CA,1
moodys_ig,SNC-CA,1
moodys_ig,TOG-CA,1
moodys_ig,CGX-CA,1
moodys_ig,FRU-CA,1
moodys_ig,AD-CA,1
moodys_ig,PSK-CA,1
moodys_ig,IPL-CA,1
moodys_ig,TCL.A-CA,1
moodys_ig,FFH-CA,1
moodys_ig,WEF-CA,1
moodys_ig,LB-CA,1
moodys_ig,MTL-CA,1
moodys_ig,REI.UT-CA,1
moodys_ig,SES-CA,1
moodys_ig,SIA-CA,1
moodys_ig,CM-CA,1
moodys_ig,EIF-CA,1
moodys_ig,FTT-CA,1
moodys_ig,KEY-CA,1
moodys_ig,NWC-CA,1
moodys_ig,NFI-CA,1
moodys_ig,WPM-CA,1
moodys_ig,BLX-CA,1
moodys_ig,INE-CA,1
moodys_ig,PWF-CA,1
moodys_ig,NPI-CA,1
moodys_ig,BEP.UT-CA,1
moodys_ig,H-CA,1
moodys_ig,GWO-CA,1
moodys_ig,CPX-CA,1
moodys_ig,BCE-CA,1
moodys_ig,OR-CA,1
moodys_ig,EMA-CA,1
moodys_ig,WN-CA,1
moodys_ig,BNS-CA,1
moodys_ig,AP.UT-CA,1
moodys_ig,ZZZ-CA,1
moodys_ig,POW-CA,1
moodys_ig,ENB-CA,1
moodys_ig,RCI.B-CA,1
moodys_ig,PPL-CA,1
moodys_ig,STN-CA,1
moodys_ig,CWB-CA,1
moodys_ig,PBH-CA,1
moodys_ig,BMO-CA,1
moodys_ig,BPY.UT-CA,1
moodys_ig,T-CA,1
moodys_ig,CU-CA,1
moodys_ig,FNV-CA,1
moodys_ig,NA-CA,1
moodys_ig,KMP.UT-CA,1
moodys_ig,RY-CA,1
moodys_ig,FTS-CA,1
moodys_ig,TCN-CA,1
moodys_ig,ECA-CA,1
moodys_ig,L-CA,1
moodys_ig,MIC-CA,1
moodys_ig,CTC.A-CA,1
moodys_ig,SAP-CA,1
moodys_ig,TRP-CA,1
moodys_ig,CNQ-CA,1
moodys_ig,RCH-CA,1
moodys_ig,SU-CA,1
moodys_ig,AEM-CA,1
moodys_ig,ARE-CA,1
moodys_ig,EMP.A-CA,1
moodys_ig,IFC-CA,1
moodys_ig,ONEX-CA,1
moodys_ig,ACO.X-CA,1
moodys_ig,BIP.UT-CA,1
moodys_ig,SLF-CA,1
moodys_ig,TD-CA,1
moodys_ig,CAR.UT-CA,1
moodys_ig,MFI-CA,1
moodys_ig,MFC-CA,1
moodys_ig,IAG-CA,1
moodys_ig,LIF-CA,1
moodys_ig,ABX-CA,1
moodys_ig,IMO-CA,1
moodys_ig,GRT.UT-CA,1
moodys_ig,X-CA,1
moodys_ig,PAAS-CA,1
moodys_ig,CJT-CA,1
moodys_ig,EFX-CA,1
moodys_ig,AQN-CA,1
moodys_ig,MRU-CA,1
moodys_ig,PSI-CA,1
moodys_ig,IIP.UT-CA,1
moodys_ig,CNR-CA,1
moodys_ig,BAM.A-CA,1
moodys_ig,MG-CA,1
moodys_ig,TFII-CA,1
moodys_ig,CP-CA,1
moodys_ig,SJ-CA,1
moodys_ig,OGC-CA,1
moodys_ig,TIH-CA,1
moodys_ig,ATD.B-CA,1
moodys_ig,CAE-CA,1
moodys_ig,DOL-CA,1
moodys_ig,CCL.B-CA,1
moodys_ig,ENGH-CA,1
moodys_ig,WCN-CA,1
moodys_ig,MTY-CA,1
moodys_ig,MRE-CA,1
moodys_ig,CIGI-CA,1
moodys_ig,GIL-CA,1
moodys_ig,WFT-CA,1
moodys_ig,BAD-CA,1
moodys_ig,QBR.B-CA,1
fitch_ig,NXE-CA,1
fitch_ig,GEI-CA,1
fitch_ig,D.UT-CA,1
fitch_ig,WSP-CA,1
fitch_ig,CHP.UT-CA,1
fitch_ig,EDV-CA,1
fitch_ig,LUN-CA,1
fitch_ig,KEL-CA,1
fitch_ig,IFP-CA,1
fitch_ig,RNW-CA,1
fitch_ig,APHA-CA,1
fitch_ig,SW-CA,1
fitch_ig,TRST-CA,1
fitch_ig,BBU.UT-CA,1
fitch_ig,EFN-CA,1
fitch_ig,AIF-CA,1
fitch_ig,CG-CA,1
fitch_ig,CCO-CA,1
fitch_ig,CSH.UT-CA,1
fitch_ig,LNR-CA,1
fitch_ig,HR.UT-CA,1
fitch_ig,IGM-CA,1
fitch_ig,ATZ-CA,1
fitch_ig,SSL-CA,1
fitch_ig,CHR-CA,1
fitch_ig,CVE-CA,1
fitch_ig,AFN-CA,1
fitch_ig,PVG-CA,1
fitch_ig,BIR-CA,1
fitch_ig,CPG-CA,1
fitch_ig,SSRM-CA,1
fitch_ig,K-CA,1
fitch_ig,NTR-CA,1
fitch_ig,CFP-CA,1
fitch_ig,NG-CA,1
fitch_ig,MSI-CA,1
fitch_ig,DSG-CA,1
fitch_ig,BTO-CA,1
fitch_ig,CUF.UT-CA,1
fitch_ig,AGI-CA,1
fitch_ig,WJA-CA,1
fitch_ig,MAG-CA,1
fitch_ig,CRR.UT-CA,1
fitch_ig,KXS-CA,1
fitch_ig,ERF-CA,1
fitch_ig,ASR-CA,1
fitch_ig,CIX-CA,1
fitch_ig,ARX-CA,1
fitch_ig,NVU.UT-CA,1
fitch_ig,HEXO-CA,1
fitch_ig,TECK.B-CA,1
fitch_ig,SMF-CA,1
fitch_ig,GOOS-CA,1
fitch_ig,HSE-CA,1
fitch_ig,SHOP-CA,1
fitch_ig,KL-CA,1
fitch_ig,IVN-CA,1
fitch_ig,NWH.UT-CA,1
fitch_ig,BEI.UT-CA,1
fitch_ig,SJR.B-CA,1
fitch_ig,FCR-CA,1
fitch_ig,ACB-CA,1
fitch_ig,ESI-CA,1
fitch_ig,PEY-CA,1
fitch_ig,ERO-CA,1
fitch_ig,TRQ-CA,1
fitch_ig,SMU.UT-CA,1
fitch_ig,GC-CA,1
fitch_ig,FR-CA,1
fitch_ig,DOO-CA,1
fitch_ig,BB-CA,1
fitch_ig,SCL-CA,1
fitch_ig,SRU.UT-CA,1
fitch_ig,TXG-CA,1
fitch_ig,GIB.A-CA,1
fitch_ig,GUD-CA,1
fitch_ig,WPK-CA,1
fitch_ig,ECN-CA,1
fitch_ig,DRG.UT-CA,1
fitch_ig,WCP-CA,1
fitch_ig,DGC-CA,1
fitch_ig,TOU-CA,1
fitch_ig,WTE-CA,1
fitch_ig,AX.UT-CA,1
fitch_ig,PXT-CA,1
fitch_ig,WEED-CA,1
fitch_ig,DIR.UT-CA,1
fitch_ig,EXE-CA,1
fitch_ig,ALA-CA,1
fitch_ig,TOY-CA,1
fitch_ig,CRON-CA,1
fitch_ig,TRI-CA,1
fitch_ig,CSU-CA,1
fitch_ig,SNC-CA,1
fitch_ig,TOG-CA,1
fitch_ig,CGX-CA,1
fitch_ig,FRU-CA,1
fitch_ig,AD-CA,1
fitch_ig,PSK-CA,1
fitch_ig,IPL-CA,1
fitch_ig,TCL.A-CA,1
fitch_ig,FFH-CA,1
fitch_ig,WEF-CA,1
fitch_ig,LB-CA,1
fitch_ig,MTL-CA,1
fitch_ig,REI.UT-CA,1
fitch_ig,SES-CA,1
fitch_ig,SIA-CA,1
fitch_ig,CM-CA,1
fitch_ig,EIF-CA,1
fitch_ig,FTT-CA,1
fitch_ig,KEY-CA,1
fitch_ig,NWC-CA,1
fitch_ig,NFI-CA,1
fitch_ig,WPM-CA,1
fitch_ig,BLX-CA,1
fitch_ig,INE-CA,1
fitch_ig,PWF-CA,1
fitch_ig,NPI-CA,1
fitch_ig,BEP.UT-CA,1
fitch_ig,H-CA,1
fitch_ig,GWO-CA,1
fitch_ig,CPX-CA,1
fitch_ig,BCE-CA,1
fitch_ig,OR-CA,1
fitch_ig,EMA-CA,1
fitch_ig,WN-CA,1
fitch_ig,BNS-CA,1
fitch_ig,AP.UT-CA,1
fitch_ig,ZZZ-CA,1
fitch_ig,POW-CA,1
fitch_ig,ENB-CA,1
fitch_ig,RCI.B-CA,1
fitch_ig,PPL-CA,1
fitch_ig,STN-CA,1
fitch_ig,CWB-CA,1
fitch_ig,PBH-CA,1
fitch_ig,BMO-CA,1
fitch_ig,BPY.UT-CA,1
fitch_ig,T-CA,1
fitch_ig,CU-CA,1
fitch_ig,FNV-CA,1
fitch_ig,NA-CA,1
fitch_ig,KMP.UT-CA,1
fitch_ig,RY-CA,1
fitch_ig,FTS-CA,1
fitch_ig,TCN-CA,1
fitch_ig,ECA-CA,1
fitch_ig,L-CA,1
fitch_ig,MIC-CA,1
fitch_ig,CTC.A-CA,1
fitch_ig,SAP-CA,1
fitch_ig,TRP-CA,1
fitch_ig,CNQ-CA,1
fitch_ig,RCH-CA,1
fitch_ig,SU-CA,1
fitch_ig,AEM-CA,1
fitch_ig,ARE-CA,1
fitch_ig,EMP.A-CA,1
fitch_ig,IFC-CA,1
fitch_ig,ONEX-CA,1
fitch_ig,ACO.X-CA,1
fitch_ig,BIP.UT-CA,1
fitch_ig,SLF-CA,1
fitch_ig,TD-CA,1
fitch_ig,CAR.UT-CA,1
fitch_ig,MFI-CA,1
fitch_ig,MFC-CA,1
fitch_ig,IAG-CA,1
fitch_ig,LIF-CA,1
fitch_ig,ABX-CA,1
fitch_ig,IMO-CA,1
fitch_ig,GRT.UT-CA,1
fitch_ig,X-CA,1
fitch_ig,PAAS-CA,1
fitch_ig,CJT-CA,1
fitch_ig,EFX-CA,1
fitch_ig,AQN-CA,1
fitch_ig,MRU-CA,1
fitch_ig,PSI-CA,1
fitch_ig,IIP.UT-CA,1
fitch_ig,CNR-CA,1
fitch_ig,BAM.A-CA,1
fitch_ig,MG-CA,1
fitch_ig,TFII-CA,1
fitch_ig,CP-CA,1
fitch_ig,SJ-CA,1
fitch_ig,OGC-CA,1
fitch_ig,TIH-CA,1
fitch_ig,ATD.B-CA,1
fitch_ig,CAE-CA,1
fitch_ig,DOL-CA,1
fitch_ig,CCL.B-CA,1
fitch_ig,ENGH-CA,1
fitch_ig,WCN-CA,1
fitch_ig,MTY-CA,1
fitch_ig,MRE-CA,1
fitch_ig,CIGI-CA,1
fitch_ig,GIL-CA,1
fitch_ig,WFT-CA,1
fitch_ig,BAD-CA,1
fitch_ig,QBR.B-CA,1
Dividend_Size_L1 not empty,NXE-CA,0
Dividend_Size_L1 not empty,GEI-CA,1
Dividend_Size_L1 not empty,D.UT-CA,1
Dividend_Size_L1 not empty,WSP-CA,1
Dividend_Size_L1 not empty,CHP.UT-CA,1
Dividend_Size_L1 not empty,EDV-CA,0
Dividend_Size_L1 not empty,LUN-CA,1
Dividend_Size_L1 not empty,KEL-CA,0
Dividend_Size_L1 not empty,IFP-CA,0
Dividend_Size_L1 not empty,RNW-CA,1
Dividend_Size_L1 not empty,APHA-CA,0
Dividend_Size_L1 not empty,SW-CA,0
Dividend_Size_L1 not empty,TRST-CA,0
Dividend_Size_L1 not empty,BBU.UT-CA,1
Dividend_Size_L1 not empty,EFN-CA,1
Dividend_Size_L1 not empty,AIF-CA,1
Dividend_Size_L1 not empty,CG-CA,0
Dividend_Size_L1 not empty,CCO-CA,1
Dividend_Size_L1 not empty,CSH.UT-CA,1
Dividend_Size_L1 not empty,LNR-CA,1
Dividend_Size_L1 not empty,HR.UT-CA,1
Dividend_Size_L1 not empty,IGM-CA,1
Dividend_Size_L1 not empty,ATZ-CA,0
Dividend_Size_L1 not empty,SSL-CA,0
Dividend_Size_L1 not empty,CHR-CA,1
Dividend_Size_L1 not empty,CVE-CA,1
Dividend_Size_L1 not empty,AFN-CA,1
Dividend_Size_L1 not empty,PVG-CA,0
Dividend_Size_L1 not empty,BIR-CA,1
Dividend_Size_L1 not empty,CPG-CA,1
Dividend_Size_L1 not empty,SSRM-CA,0
Dividend_Size_L1 not empty,K-CA,0
Dividend_Size_L1 not empty,NTR-CA,0
Dividend_Size_L1 not empty,CFP-CA,0
Dividend_Size_L1 not empty,NG-CA,0
Dividend_Size_L1 not empty,MSI-CA,1
Dividend_Size_L1 not empty,DSG-CA,0
Dividend_Size_L1 not empty,BTO-CA,0
Dividend_Size_L1 not empty,CUF.UT-CA,1
Dividend_Size_L1 not empty,AGI-CA,1
Dividend_Size_L1 not empty,WJA-CA,1
Dividend_Size_L1 not empty,MAG-CA,0
Dividend_Size_L1 not empty,CRR.UT-CA,1
Dividend_Size_L1 not empty,KXS-CA,0
Dividend_Size_L1 not empty,ERF-CA,1
Dividend_Size_L1 not empty,ASR-CA,0
Dividend_Size_L1 not empty,CIX-CA,1
Dividend_Size_L1 not empty,ARX-CA,1
Dividend_Size_L1 not empty,NVU.UT-CA,1
Dividend_Size_L1 not empty,HEXO-CA,0
Dividend_Size_L1 not empty,TECK.B-CA,1
Dividend_Size_L1 not empty,SMF-CA,0
Dividend_Size_L1 not empty,GOOS-CA,0
Dividend_Size_L1 not empty,HSE-CA,1
Dividend_Size_L1 not empty,SHOP-CA,0
Dividend_Size_L1 not empty,KL-CA,1
Dividend_Size_L1 not empty,IVN-CA,0
Dividend_Size_L1 not empty,NWH.UT-CA,1
Dividend_Size_L1 not empty,BEI.UT-CA,1
Dividend_Size_L1 not empty,SJR.B-CA,1
Dividend_Size_L1 not empty,FCR-CA,1
Dividend_Size_L1 not empty,ACB-CA,0
Dividend_Size_L1 not empty,ESI-CA,1
Dividend_Size_L1 not empty,PEY-CA,1
Dividend_Size_L1 not empty,ERO-CA,0
Dividend_Size_L1 not empty,TRQ-CA,0
Dividend_Size_L1 not empty,SMU.UT-CA,1
Dividend_Size_L1 not empty,GC-CA,0
Dividend_Size_L1 not empty,FR-CA,0
Dividend_Size_L1 not empty,DOO-CA,1
Dividend_Size_L1 not empty,BB-CA,0
Dividend_Size_L1 not empty,SCL-CA,1
Dividend_Size_L1 not empty,SRU.UT-CA,1
Dividend_Size_L1 not empty,TXG-CA,0
Dividend_Size_L1 not empty,GIB.A-CA,0
Dividend_Size_L1 not empty,GUD-CA,0
Dividend_Size_L1 not empty,WPK-CA,1
Dividend_Size_L1 not empty,ECN-CA,1
Dividend_Size_L1 not empty,DRG.UT-CA,1
Dividend_Size_L1 not empty,WCP-CA,1
Dividend_Size_L1 not empty,DGC-CA,0
Dividend_Size_L1 not empty,TOU-CA,0
Dividend_Size_L1 not empty,WTE-CA,1
Dividend_Size_L1 not empty,AX.UT-CA,1
Dividend_Size_L1 not empty,PXT-CA,0
Dividend_Size_L1 not empty,WEED-CA,0
Dividend_Size_L1 not empty,DIR.UT-CA,1
Dividend_Size_L1 not empty,EXE-CA,1
Dividend_Size_L1 not empty,ALA-CA,1
Dividend_Size_L1 not empty,TOY-CA,0
Dividend_Size_L1 not empty,CRON-CA,0
Dividend_Size_L1 not empty,TRI-CA,1
Dividend_Size_L1 not empty,CSU-CA,1
Dividend_Size_L1 not empty,SNC-CA,1
Dividend_Size_L1 not empty,TOG-CA,1
Dividend_Size_L1 not empty,CGX-CA,1
Dividend_Size_L1 not empty,FRU-CA,1
Dividend_Size_L1 not empty,AD-CA,1
Dividend_Size_L1 not empty,PSK-CA,1
Dividend_Size_L1 not empty,IPL-CA,1
Dividend_Size_L1 not empty,TCL.A-CA,1
Dividend_Size_L1 not empty,FFH-CA,1
Dividend_Size_L1 not empty,WEF-CA,1
Dividend_Size_L1 not empty,LB-CA,1
Dividend_Size_L1 not empty,MTL-CA,1
Dividend_Size_L1 not empty,REI.UT-CA,1
Dividend_Size_L1 not empty,SES-CA,1
Dividend_Size_L1 not empty,SIA-CA,1
Dividend_Size_L1 not empty,CM-CA,1
Dividend_Size_L1 not empty,EIF-CA,1
Dividend_Size_L1 not empty,FTT-CA,1
Dividend_Size_L1 not empty,KEY-CA,1
Dividend_Size_L1 not empty,NWC-CA,1
Dividend_Size_L1 not empty,NFI-CA,1
Dividend_Size_L1 not empty,WPM-CA,1
Dividend_Size_L1 not empty,BLX-CA,1
Dividend_Size_L1 not empty,INE-CA,1
Dividend_Size_L1 not empty,PWF-CA,1
Dividend_Size_L1 not empty,NPI-CA,1
Dividend_Size_L1 not empty,BEP.UT-CA,1
Dividend_Size_L1 not empty,H-CA,1
Dividend_Size_L1 not empty,GWO-CA,1
Dividend_Size_L1 not empty,CPX-CA,1
Dividend_Size_L1 not empty,BCE-CA,1
Dividend_Size_L1 not empty,OR-CA,1
Dividend_Size_L1 not empty,EMA-CA,1
Dividend_Size_L1 not empty,WN-CA,1
Dividend_Size_L1 not empty,BNS-CA,1
Dividend_Size_L1 not empty,AP.UT-CA,1
Dividend_Size_L1 not empty,ZZZ-CA,1
Dividend_Size_L1 not empty,POW-CA,1
Dividend_Size_L1 not empty,ENB-CA,1
Dividend_Size_L1 not empty,RCI.B-CA,1
Dividend_Size_L1 not empty,PPL-CA,1
Dividend_Size_L1 not empty,STN-CA,1
Dividend_Size_L1 not empty,CWB-CA,1
Dividend_Size_L1 not empty,PBH-CA,1
Dividend_Size_L1 not empty,BMO-CA,1
Dividend_Size_L1 not empty,BPY.UT-CA,1
Dividend_Size_L1 not empty,T-CA,1
Dividend_Size_L1 not empty,CU-CA,1
Dividend_Size_L1 not empty,FNV-CA,1
Dividend_Size_L1 not empty,NA-CA,1
Dividend_Size_L1 not empty,KMP.UT-CA,1
Dividend_Size_L1 not empty,RY-CA,1
Dividend_Size_L1 not empty,FTS-CA,1
Dividend_Size_L1 not empty,TCN-CA,1
Dividend_Size_L1 not empty,ECA-CA,1
Dividend_Size_L1 not empty,L-CA,1
Dividend_Size_L1 not empty,MIC-CA,1
Dividend_Size_L1 not empty,CTC.A-CA,1
Dividend_Size_L1 not empty,SAP-CA,1
Dividend_Size_L1 not empty,TRP-CA,1
Dividend_Size_L1 not empty,CNQ-CA,1
Dividend_Size_L1 not empty,RCH-CA,1
Dividend_Size_L1 not empty,SU-CA,1
Dividend_Size_L1 not empty,AEM-CA,1
Dividend_Size_L1 not empty,ARE-CA,1
Dividend_Size_L1 not empty,EMP.A-CA,1
Dividend_Size_L1 not empty,IFC-CA,1
Dividend_Size_L1 not empty,ONEX-CA,1
Dividend_Size_L1 not empty,ACO.X-CA,1
Dividend_Size_L1 not empty,BIP.UT-CA,1
Dividend_Size_L1 not empty,SLF-CA,1
Dividend_Size_L1 not empty,TD-CA,1
Dividend_Size_L1 not empty,CAR.UT-CA,1
Dividend_Size_L1 not empty,MFI-CA,1
Dividend_Size_L1 not empty,MFC-CA,1
Dividend_Size_L1 not empty,IAG-CA,1
Dividend_Size_L1 not empty,LIF-CA,1
Dividend_Size_L1 not empty,ABX-CA,1
Dividend_Size_L1 not empty,IMO-CA,1
Dividend_Size_L1 not empty,GRT.UT-CA,1
Dividend_Size_L1 not empty,X-CA,1
Dividend_Size_L1 not empty,PAAS-CA,1
Dividend_Size_L1 not empty,CJT-CA,1
Dividend_Size_L1 not empty,EFX-CA,1
Dividend_Size_L1 not empty,AQN-CA,1
Dividend_Size_L1 not empty,MRU-CA,1
Dividend_Size_L1 not empty,PSI-CA,1
Dividend_Size_L1 not empty,IIP.UT-CA,1
Dividend_Size_L1 not empty,CNR-CA,1
Dividend_Size_L1 not empty,BAM.A-CA,1
Dividend_Size_L1 not empty,MG-CA,1
Dividend_Size_L1 not empty,TFII-CA,1
Dividend_Size_L1 not empty,CP-CA,1
Dividend_Size_L1 not empty,SJ-CA,1
Dividend_Size_L1 not empty,OGC-CA,1
Dividend_Size_L1 not empty,TIH-CA,1
Dividend_Size_L1 not empty,ATD.B-CA,1
Dividend_Size_L1 not empty,CAE-CA,1
Dividend_Size_L1 not empty,DOL-CA,1
Dividend_Size_L1 not empty,CCL.B-CA,1
Dividend_Size_L1 not empty,ENGH-CA,1
Dividend_Size_L1 not empty,WCN-CA,1
Dividend_Size_L1 not empty,MTY-CA,1
Dividend_Size_L1 not empty,MRE-CA,1
Dividend_Size_L1 not empty,CIGI-CA,1
Dividend_Size_L1 not empty,GIL-CA,1
Dividend_Size_L1 not empty,WFT-CA,1
Dividend_Size_L1 not empty,BAD-CA,1
Dividend_Size_L1 not empty,QBR.B-CA,1
Dividend_Size_L2 not empty,NXE-CA,0
Dividend_Size_L2 not empty,GEI-CA,1
Dividend_Size_L2 not empty,D.UT-CA,1
Dividend_Size_L2 not empty,WSP-CA,1
Dividend_Size_L2 not empty,CHP.UT-CA,1
Dividend_Size_L2 not empty,EDV-CA,0
Dividend_Size_L2 not empty,LUN-CA,0
Dividend_Size_L2 not empty,KEL-CA,0
Dividend_Size_L2 not empty,IFP-CA,0
Dividend_Size_L2 not empty,RNW-CA,1
Dividend_Size_L2 not empty,APHA-CA,0
Dividend_Size_L2 not empty,SW-CA,0
Dividend_Size_L2 not empty,TRST-CA,0
Dividend_Size_L2 not empty,BBU.UT-CA,1
Dividend_Size_L2 not empty,EFN-CA,1
Dividend_Size_L2 not empty,AIF-CA,1
Dividend_Size_L2 not empty,CG-CA,0
Dividend_Size_L2 not empty,CCO-CA,1
Dividend_Size_L2 not empty,CSH.UT-CA,1
Dividend_Size_L2 not empty,LNR-CA,1
Dividend_Size_L2 not empty,HR.UT-CA,1
Dividend_Size_L2 not empty,IGM-CA,1
Dividend_Size_L2 not empty,ATZ-CA,0
Dividend_Size_L2 not empty,SSL-CA,0
Dividend_Size_L2 not empty,CHR-CA,1
Dividend_Size_L2 not empty,CVE-CA,1
Dividend_Size_L2 not empty,AFN-CA,1
Dividend_Size_L2 not empty,PVG-CA,0
Dividend_Size_L2 not empty,BIR-CA,0
Dividend_Size_L2 not empty,CPG-CA,1
Dividend_Size_L2 not empty,SSRM-CA,0
Dividend_Size_L2 not empty,K-CA,0
Dividend_Size_L2 not empty,NTR-CA,0
Dividend_Size_L2 not empty,CFP-CA,0
Dividend_Size_L2 not empty,NG-CA,0
Dividend_Size_L2 not empty,MSI-CA,1
Dividend_Size_L2 not empty,DSG-CA,0
Dividend_Size_L2 not empty,BTO-CA,0
Dividend_Size_L2 not empty,CUF.UT-CA,1
Dividend_Size_L2 not empty,AGI-CA,1
Dividend_Size_L2 not empty,WJA-CA,1
Dividend_Size_L2 not empty,MAG-CA,0
Dividend_Size_L2 not empty,CRR.UT-CA,1
Dividend_Size_L2 not empty,KXS-CA,0
Dividend_Size_L2 not empty,ERF-CA,1
Dividend_Size_L2 not empty,ASR-CA,0
Dividend_Size_L2 not empty,CIX-CA,1
Dividend_Size_L2 not empty,ARX-CA,1
Dividend_Size_L2 not empty,NVU.UT-CA,1
Dividend_Size_L2 not empty,HEXO-CA,0
Dividend_Size_L2 not empty,TECK.B-CA,1
Dividend_Size_L2 not empty,SMF-CA,0
Dividend_Size_L2 not empty,GOOS-CA,0
Dividend_Size_L2 not empty,HSE-CA,0
Dividend_Size_L2 not empty,SHOP-CA,0
Dividend_Size_L2 not empty,KL-CA,0
Dividend_Size_L2 not empty,IVN-CA,0
Dividend_Size_L2 not empty,NWH.UT-CA,1
Dividend_Size_L2 not empty,BEI.UT-CA,1
Dividend_Size_L2 not empty,SJR.B-CA,1
Dividend_Size_L2 not empty,FCR-CA,1
Dividend_Size_L2 not empty,ACB-CA,0
Dividend_Size_L2 not empty,ESI-CA,1
Dividend_Size_L2 not empty,PEY-CA,1
Dividend_Size_L2 not empty,ERO-CA,0
Dividend_Size_L2 not empty,TRQ-CA,0
Dividend_Size_L2 not empty,SMU.UT-CA,1
Dividend_Size_L2 not empty,GC-CA,0
Dividend_Size_L2 not empty,FR-CA,0
Dividend_Size_L2 not empty,DOO-CA,0
Dividend_Size_L2 not empty,BB-CA,0
Dividend_Size_L2 not empty,SCL-CA,1
Dividend_Size_L2 not empty,SRU.UT-CA,1
Dividend_Size_L2 not empty,TXG-CA,0
Dividend_Size_L2 not empty,GIB.A-CA,0
Dividend_Size_L2 not empty,GUD-CA,0
Dividend_Size_L2 not empty,WPK-CA,1
Dividend_Size_L2 not empty,ECN-CA,0
Dividend_Size_L2 not empty,DRG.UT-CA,1
Dividend_Size_L2 not empty,WCP-CA,1
Dividend_Size_L2 not empty,DGC-CA,0
Dividend_Size_L2 not empty,TOU-CA,0
Dividend_Size_L2 not empty,WTE-CA,1
Dividend_Size_L2 not empty,AX.UT-CA,1
Dividend_Size_L2 not empty,PXT-CA,0
Dividend_Size_L2 not empty,WEED-CA,0
Dividend_Size_L2 not empty,DIR.UT-CA,1
Dividend_Size_L2 not empty,EXE-CA,1
Dividend_Size_L2 not empty,ALA-CA,1
Dividend_Size_L2 not empty,TOY-CA,0
Dividend_Size_L2 not empty,CRON-CA,0
Dividend_Size_L2 not empty,TRI-CA,1
Dividend_Size_L2 not empty,CSU-CA,1
Dividend_Size_L2 not empty,SNC-CA,1
Dividend_Size_L2 not empty,TOG-CA,1
Dividend_Size_L2 not empty,CGX-CA,1
Dividend_Size_L2 not empty,FRU-CA,1
Dividend_Size_L2 not empty,AD-CA,1
Dividend_Size_L2 not empty,PSK-CA,1
Dividend_Size_L2 not empty,IPL-CA,1
Dividend_Size_L2 not empty,TCL.A-CA,1
Dividend_Size_L2 not empty,FFH-CA,1
Dividend_Size_L2 not empty,WEF-CA,1
Dividend_Size_L2 not empty,LB-CA,1
Dividend_Size_L2 not empty,MTL-CA,1
Dividend_Size_L2 not empty,REI.UT-CA,1
Dividend_Size_L2 not empty,SES-CA,1
Dividend_Size_L2 not empty,SIA-CA,1
Dividend_Size_L2 not empty,CM-CA,1
Dividend_Size_L2 not empty,EIF-CA,1
Dividend_Size_L2 not empty,FTT-CA,1
Dividend_Size_L2 not empty,KEY-CA,1
Dividend_Size_L2 not empty,NWC-CA,1
Dividend_Size_L2 not empty,NFI-CA,1
Dividend_Size_L2 not empty,WPM-CA,1
Dividend_Size_L2 not empty,BLX-CA,1
Dividend_Size_L2 not empty,INE-CA,1
Dividend_Size_L2 not empty,PWF-CA,1
Dividend_Size_L2 not empty,NPI-CA,1
Dividend_Size_L2 not empty,BEP.UT-CA,1
Dividend_Size_L2 not empty,H-CA,1
Dividend_Size_L2 not empty,GWO-CA,1
Dividend_Size_L2 not empty,CPX-CA,1
Dividend_Size_L2 not empty,BCE-CA,1
Dividend_Size_L2 not empty,OR-CA,1
Dividend_Size_L2 not empty,EMA-CA,1
Dividend_Size_L2 not empty,WN-CA,1
Dividend_Size_L2 not empty,BNS-CA,1
Dividend_Size_L2 not empty,AP.UT-CA,1
Dividend_Size_L2 not empty,ZZZ-CA,1
Dividend_Size_L2 not empty,POW-CA,1
Dividend_Size_L2 not empty,ENB-CA,1
Dividend_Size_L2 not empty,RCI.B-CA,1
Dividend_Size_L2 not empty,PPL-CA,1
Dividend_Size_L2 not empty,STN-CA,1
Dividend_Size_L2 not empty,CWB-CA,1
Dividend_Size_L2 not empty,PBH-CA,1
Dividend_Size_L2 not empty,BMO-CA,1
Dividend_Size_L2 not empty,BPY.UT-CA,1
Dividend_Size_L2 not empty,T-CA,1
Dividend_Size_L2 not empty,CU-CA,1
Dividend_Size_L2 not empty,FNV-CA,1
Dividend_Size_L2 not empty,NA-CA,1
Dividend_Size_L2 not empty,KMP.UT-CA,1
Dividend_Size_L2 not empty,RY-CA,1
Dividend_Size_L2 not empty,FTS-CA,1
Dividend_Size_L2 not empty,TCN-CA,1
Dividend_Size_L2 not empty,ECA-CA,1
Dividend_Size_L2 not empty,L-CA,1
Dividend_Size_L2 not empty,MIC-CA,1
Dividend_Size_L2 not empty,CTC.A-CA,1
Dividend_Size_L2 not empty,SAP-CA,1
Dividend_Size_L2 not empty,TRP-CA,1
Dividend_Size_L2 not empty,CNQ-CA,1
Dividend_Size_L2 not empty,RCH-CA,1
Dividend_Size_L2 not empty,SU-CA,1
Dividend_Size_L2 not empty,AEM-CA,1
Dividend_Size_L2 not empty,ARE-CA,1
Dividend_Size_L2 not empty,EMP.A-CA,1
Dividend_Size_L2 not empty,IFC-CA,1
Dividend_Size_L2 not empty,ONEX-CA,1
Dividend_Size_L2 not empty,ACO.X-CA,1
Dividend_Size_L2 not empty,BIP.UT-CA,1
Dividend_Size_L2 not empty,SLF-CA,1
Dividend_Size_L2 not empty,TD-CA,1
Dividend_Size_L2 not empty,CAR.UT-CA,1
Dividend_Size_L2 not empty,MFI-CA,1
Dividend_Size_L2 not empty,MFC-CA,1
Dividend_Size_L2 not empty,IAG-CA,1
Dividend_Size_L2 not empty,LIF-CA,1
Dividend_Size_L2 not empty,ABX-CA,1
Dividend_Size_L2 not empty,IMO-CA,1
Dividend_Size_L2 not empty,GRT.UT-CA,1
Dividend_Size_L2 not empty,X-CA,1
Dividend_Size_L2 not empty,PAAS-CA,1
Dividend_Size_L2 not empty,CJT-CA,1
Dividend_Size_L2 not empty,EFX-CA,1
Dividend_Size_L2 not empty,AQN-CA,1
Dividend_Size_L2 not empty,MRU-CA,1
Dividend_Size_L2 not empty,PSI-CA,1
Dividend_Size_L2 not empty,IIP.UT-CA,1
Dividend_Size_L2 not empty,CNR-CA,1
Dividend_Size_L2 not empty,BAM.A-CA,1
Dividend_Size_L2 not empty,MG-CA,1
Dividend_Size_L2 not empty,TFII-CA,1
Dividend_Size_L2 not empty,CP-CA,1
Dividend_Size_L2 not empty,SJ-CA,1
Dividend_Size_L2 not empty,OGC-CA,1
Dividend_Size_L2 not empty,TIH-CA,1
Dividend_Size_L2 not empty,ATD.B-CA,1
Dividend_Size_L2 not empty,CAE-CA,1
Dividend_Size_L2 not empty,DOL-CA,1
Dividend_Size_L2 not empty,CCL.B-CA,1
Dividend_Size_L2 not empty,ENGH-CA,1
Dividend_Size_L2 not empty,WCN-CA,1
Dividend_Size_L2 not empty,MTY-CA,1
Dividend_Size_L2 not empty,MRE-CA,1
Dividend_Size_L2 not empty,CIGI-CA,1
Dividend_Size_L2 not empty,GIL-CA,1
Dividend_Size_L2 not empty,WFT-CA,1
Dividend_Size_L2 not empty,BAD-CA,1
Dividend_Size_L2 not empty,QBR.B-CA,1
Dividend_Size >0.04,NXE-CA,0
Dividend_Size >0.04,GEI-CA,1
Dividend_Size >0.04,D.UT-CA,1
Dividend_Size >0.04,WSP-CA,1
Dividend_Size >0.04,CHP.UT-CA,1
Dividend_Size >0.04,EDV-CA,0
Dividend_Size >0.04,LUN-CA,0
Dividend_Size >0.04,KEL-CA,0
Dividend_Size >0.04,IFP-CA,0
Dividend_Size >0.04,RNW-CA,1
Dividend_Size >0.04,APHA-CA,0
Dividend_Size >0.04,SW-CA,0
Dividend_Size >0.04,TRST-CA,0
Dividend_Size >0.04,BBU.UT-CA,1
Dividend_Size >0.04,EFN-CA,1
Dividend_Size >0.04,AIF-CA,1
Dividend_Size >0.04,CG-CA,0
Dividend_Size >0.04,CCO-CA,1
Dividend_Size >0.04,CSH.UT-CA,1
Dividend_Size >0.04,LNR-CA,1
Dividend_Size >0.04,HR.UT-CA,1
Dividend_Size >0.04,IGM-CA,1
Dividend_Size >0.04,ATZ-CA,0
Dividend_Size >0.04,SSL-CA,0
Dividend_Size >0.04,CHR-CA,1
Dividend_Size >0.04,CVE-CA,1
Dividend_Size >0.04,AFN-CA,1
Dividend_Size >0.04,PVG-CA,0
Dividend_Size >0.04,BIR-CA,0
Dividend_Size >0.04,CPG-CA,1
Dividend_Size >0.04,SSRM-CA,0
Dividend_Size >0.04,K-CA,0
Dividend_Size >0.04,NTR-CA,0
Dividend_Size >0.04,CFP-CA,0
Dividend_Size >0.04,NG-CA,0
Dividend_Size >0.04,MSI-CA,1
Dividend_Size >0.04,DSG-CA,0
Dividend_Size >0.04,BTO-CA,0
Dividend_Size >0.04,CUF.UT-CA,1
Dividend_Size >0.04,AGI-CA,1
Dividend_Size >0.04,WJA-CA,1
Dividend_Size >0.04,MAG-CA,0
Dividend_Size >0.04,CRR.UT-CA,1
Dividend_Size >0.04,KXS-CA,0
Dividend_Size >0.04,ERF-CA,1
Dividend_Size >0.04,ASR-CA,0
Dividend_Size >0.04,CIX-CA,1
Dividend_Size >0.04,ARX-CA,1
Dividend_Size >0.04,NVU.UT-CA,1
Dividend_Size >0.04,HEXO-CA,0
Dividend_Size >0.04,TECK.B-CA,1
Dividend_Size >0.04,SMF-CA,0
Dividend_Size >0.04,GOOS-CA,0
Dividend_Size >0.04,HSE-CA,0
Dividend_Size >0.04,SHOP-CA,0
Dividend_Size >0.04,KL-CA,0
Dividend_Size >0.04,IVN-CA,0
Dividend_Size >0.04,NWH.UT-CA,1
Dividend_Size >0.04,BEI.UT-CA,1
Dividend_Size >0.04,SJR.B-CA,1
Dividend_Size >0.04,FCR-CA,1
Dividend_Size >0.04,ACB-CA,0
Dividend_Size >0.04,ESI-CA,1
Dividend_Size >0.04,PEY-CA,1
Dividend_Size >0.04,ERO-CA,0
Dividend_Size >0.04,TRQ-CA,0
Dividend_Size >0.04,SMU.UT-CA,1
Dividend_Size >0.04,GC-CA,0
Dividend_Size >0.04,FR-CA,0
Dividend_Size >0.04,DOO-CA,0
Dividend_Size >0.04,BB-CA,0
Dividend_Size >0.04,SCL-CA,1
Dividend_Size >0.04,SRU.UT-CA,1
Dividend_Size >0.04,TXG-CA,0
Dividend_Size >0.04,GIB.A-CA,0
Dividend_Size >0.04,GUD-CA,0
Dividend_Size >0.04,WPK-CA,1
Dividend_Size >0.04,ECN-CA,0
Dividend_Size >0.04,DRG.UT-CA,1
Dividend_Size >0.04,WCP-CA,1
Dividend_Size >0.04,DGC-CA,0
Dividend_Size >0.04,TOU-CA,0
Dividend_Size >0.04,WTE-CA,1
Dividend_Size >0.04,AX.UT-CA,1
Dividend_Size >0.04,PXT-CA,0
Dividend_Size >0.04,WEED-CA,0
Dividend_Size >0.04,DIR.UT-CA,1
Dividend_Size >0.04,EXE-CA,1
Dividend_Size >0.04,ALA-CA,1
Dividend_Size >0.04,TOY-CA,0
Dividend_Size >0.04,CRON-CA,0
Dividend_Size >0.04,TRI-CA,1
Dividend_Size >0.04,CSU-CA,1
Dividend_Size >0.04,SNC-CA,1
Dividend_Size >0.04,TOG-CA,1
Dividend_Size >0.04,CGX-CA,1
Dividend_Size >0.04,FRU-CA,1
Dividend_Size >0.04,AD-CA,1
Dividend_Size >0.04,PSK-CA,1
Dividend_Size >0.04,IPL-CA,1
Dividend_Size >0.04,TCL.A-CA,1
Dividend_Size >0.04,FFH-CA,1
Dividend_Size >0.04,WEF-CA,1
Dividend_Size >0.04,LB-CA,1
Dividend_Size >0.04,MTL-CA,1
Dividend_Size >0.04,REI.UT-CA,1
Dividend_Size >0.04,SES-CA,1
Dividend_Size >0.04,SIA-CA,1
Dividend_Size >0.04,CM-CA,1
Dividend_Size >0.04,EIF-CA,1
Dividend_Size >0.04,FTT-CA,1
Dividend_Size >0.04,KEY-CA,1
Dividend_Size >0.04,NWC-CA,1
Dividend_Size >0.04,NFI-CA,1
Dividend_Size >0.04,WPM-CA,1
Dividend_Size >0.04,BLX-CA,1
Dividend_Size >0.04,INE-CA,1
Dividend_Size >0.04,PWF-CA,1
Dividend_Size >0.04,NPI-CA,1
Dividend_Size >0.04,BEP.UT-CA,1
Dividend_Size >0.04,H-CA,1
Dividend_Size >0.04,GWO-CA,1
Dividend_Size >0.04,CPX-CA,1
Dividend_Size >0.04,BCE-CA,1
Dividend_Size >0.04,OR-CA,1
Dividend_Size >0.04,EMA-CA,1
Dividend_Size >0.04,WN-CA,1
Dividend_Size >0.04,BNS-CA,1
Dividend_Size >0.04,AP.UT-CA,1
Dividend_Size >0.04,ZZZ-CA,1
Dividend_Size >0.04,POW-CA,1
Dividend_Size >0.04,ENB-CA,1
Dividend_Size >0.04,RCI.B-CA,1
Dividend_Size >0.04,PPL-CA,1
Dividend_Size >0.04,STN-CA,1
Dividend_Size >0.04,CWB-CA,1
Dividend_Size >0.04,PBH-CA,1
Dividend_Size >0.04,BMO-CA,1
Dividend_Size >0.04,BPY.UT-CA,1
Dividend_Size >0.04,T-CA,1
Dividend_Size >0.04,CU-CA,1
Dividend_Size >0.04,FNV-CA,1
Dividend_Size >0.04,NA-CA,1
Dividend_Size >0.04,KMP.UT-CA,1
Dividend_Size >0.04,RY-CA,1
Dividend_Size >0.04,FTS-CA,1
Dividend_Size >0.04,TCN-CA,1
Dividend_Size >0.04,ECA-CA,1
Dividend_Size >0.04,L-CA,1
Dividend_Size >0.04,MIC-CA,1
Dividend_Size >0.04,CTC.A-CA,1
Dividend_Size >0.04,SAP-CA,1
Dividend_Size >0.04,TRP-CA,1
Dividend_Size >0.04,CNQ-CA,1
Dividend_Size >0.04,RCH-CA,1
Dividend_Size >0.04,SU-CA,1
Dividend_Size >0.04,AEM-CA,1
Dividend_Size >0.04,ARE-CA,1
Dividend_Size >0.04,EMP.A-CA,1
Dividend_Size >0.04,IFC-CA,1
Dividend_Size >0.04,ONEX-CA,1
Dividend_Size >0.04,ACO.X-CA,1
Dividend_Size >0.04,BIP.UT-CA,1
Dividend_Size >0.04,SLF-CA,1
Dividend_Size >0.04,TD-CA,1
Dividend_Size >0.04,CAR.UT-CA,1
Dividend_Size >0.04,MFI-CA,1
Dividend_Size >0.04,MFC-CA,1
Dividend_Size >0.04,IAG-CA,1
Dividend_Size >0.04,LIF-CA,1
Dividend_Size >0.04,ABX-CA,1
Dividend_Size >0.04,IMO-CA,1
Dividend_Size >0.04,GRT.UT-CA,1
Dividend_Size >0.04,X-CA,1
Dividend_Size >0.04,PAAS-CA,1
Dividend_Size >0.04,CJT-CA,1
Dividend_Size >0.04,EFX-CA,1
Dividend_Size >0.04,AQN-CA,1
Dividend_Size >0.04,MRU-CA,1
Dividend_Size >0.04,PSI-CA,1
Dividend_Size >0.04,IIP.UT-CA,1
Dividend_Size >0.04,CNR-CA,1
Dividend_Size >0.04,BAM.A-CA,1
Dividend_Size >0.04,MG-CA,1
Dividend_Size >0.04,TFII-CA,1
Dividend_Size >0.04,CP-CA,1
Dividend_Size >0.04,SJ-CA,1
Dividend_Size >0.04,OGC-CA,1
Dividend_Size >0.04,TIH-CA,1
Dividend_Size >0.04,ATD.B-CA,1
Dividend_Size >0.04,CAE-CA,1
Dividend_Size >0.04,DOL-CA,1
Dividend_Size >0.04,CCL.B-CA,1
Dividend_Size >0.04,ENGH-CA,1
Dividend_Size >0.04,WCN-CA,1
Dividend_Size >0.04,MTY-CA,1
Dividend_Size >0.04,MRE-CA,1
Dividend_Size >0.04,CIGI-CA,1
Dividend_Size >0.04,GIL-CA,1
Dividend_Size >0.04,WFT-CA,1
Dividend_Size >0.04,BAD-CA,1
Dividend_Size >0.04,QBR.B-CA,1
Dividend Growth L0,NXE-CA,0
Dividend Growth L0,GEI-CA,0
Dividend Growth L0,D.UT-CA,0
Dividend Growth L0,WSP-CA,0
Dividend Growth L0,CHP.UT-CA,0
Dividend Growth L0,EDV-CA,0
Dividend Growth L0,LUN-CA,0
Dividend Growth L0,KEL-CA,0
Dividend Growth L0,IFP-CA,0
Dividend Growth L0,RNW-CA,1
Dividend Growth L0,APHA-CA,0
Dividend Growth L0,SW-CA,0
Dividend Growth L0,TRST-CA,0
Dividend Growth L0,BBU.UT-CA,0
Dividend Growth L0,EFN-CA,0
Dividend Growth L0,AIF-CA,0
Dividend Growth L0,CG-CA,0
Dividend Growth L0,CCO-CA,0
Dividend Growth L0,CSH.UT-CA,0
Dividend Growth L0,LNR-CA,1
Dividend Growth L0,HR.UT-CA,0
Dividend Growth L0,IGM-CA,0
Dividend Growth L0,ATZ-CA,0
Dividend Growth L0,SSL-CA,0
Dividend Growth L0,CHR-CA,0
Dividend Growth L0,CVE-CA,0
Dividend Growth L0,AFN-CA,0
Dividend Growth L0,PVG-CA,0
Dividend Growth L0,BIR-CA,0
Dividend Growth L0,CPG-CA,0
Dividend Growth L0,SSRM-CA,0
Dividend Growth L0,K-CA,0
Dividend Growth L0,NTR-CA,0
Dividend Growth L0,CFP-CA,0
Dividend Growth L0,NG-CA,0
Dividend Growth L0,MSI-CA,0
Dividend Growth L0,DSG-CA,0
Dividend Growth L0,BTO-CA,0
Dividend Growth L0,CUF.UT-CA,0
Dividend Growth L0,AGI-CA,1
Dividend Growth L0,WJA-CA,0
Dividend Growth L0,MAG-CA,0
Dividend Growth L0,CRR.UT-CA,0
Dividend Growth L0,KXS-CA,0
Dividend Growth L0,ERF-CA,0
Dividend Growth L0,ASR-CA,0
Dividend Growth L0,CIX-CA,0
Dividend Growth L0,ARX-CA,0
Dividend Growth L0,NVU.UT-CA,0
Dividend Growth L0,HEXO-CA,0
Dividend Growth L0,TECK.B-CA,0
Dividend Growth L0,SMF-CA,0
Dividend Growth L0,GOOS-CA,0
Dividend Growth L0,HSE-CA,0
Dividend Growth L0,SHOP-CA,0
Dividend Growth L0,KL-CA,0
Dividend Growth L0,IVN-CA,0
Dividend Growth L0,NWH.UT-CA,0
Dividend Growth L0,BEI.UT-CA,0
Dividend Growth L0,SJR.B-CA,0
Dividend Growth L0,FCR-CA,0
Dividend Growth L0,ACB-CA,0
Dividend Growth L0,ESI-CA,0
Dividend Growth L0,PEY-CA,0
Dividend Growth L0,ERO-CA,0
Dividend Growth L0,TRQ-CA,0
Dividend Growth L0,SMU.UT-CA,0
Dividend Growth L0,GC-CA,0
Dividend Growth L0,FR-CA,0
Dividend Growth L0,DOO-CA,0
Dividend Growth L0,BB-CA,0
Dividend Growth L0,SCL-CA,0
Dividend Growth L0,SRU.UT-CA,1
Dividend Growth L0,TXG-CA,0
Dividend Growth L0,GIB.A-CA,0
Dividend Growth L0,GUD-CA,0
Dividend Growth L0,WPK-CA,0
Dividend Growth L0,ECN-CA,0
Dividend Growth L0,DRG.UT-CA,0
Dividend Growth L0,WCP-CA,1
Dividend Growth L0,DGC-CA,0
Dividend Growth L0,TOU-CA,0
Dividend Growth L0,WTE-CA,0
Dividend Growth L0,AX.UT-CA,0
Dividend Growth L0,PXT-CA,0
Dividend Growth L0,WEED-CA,0
Dividend Growth L0,DIR.UT-CA,0
Dividend Growth L0,EXE-CA,0
Dividend Growth L0,ALA-CA,0
Dividend Growth L0,TOY-CA,0
Dividend Growth L0,CRON-CA,0
Dividend Growth L0,TRI-CA,1
Dividend Growth L0,CSU-CA,1
Dividend Growth L0,SNC-CA,1
Dividend Growth L0,TOG-CA,1
Dividend Growth L0,CGX-CA,1
Dividend Growth L0,FRU-CA,1
Dividend Growth L0,AD-CA,1
Dividend Growth L0,PSK-CA,1
Dividend Growth L0,IPL-CA,1
Dividend Growth L0,TCL.A-CA,1
Dividend Growth L0,FFH-CA,1
Dividend Growth L0,WEF-CA,1
Dividend Growth L0,LB-CA,1
Dividend Growth L0,MTL-CA,1
Dividend Growth L0,REI.UT-CA,1
Dividend Growth L0,SES-CA,1
Dividend Growth L0,SIA-CA,1
Dividend Growth L0,CM-CA,1
Dividend Growth L0,EIF-CA,1
Dividend Growth L0,FTT-CA,1
Dividend Growth L0,KEY-CA,1
Dividend Growth L0,NWC-CA,1
Dividend Growth L0,NFI-CA,1
Dividend Growth L0,WPM-CA,1
Dividend Growth L0,BLX-CA,1
Dividend Growth L0,INE-CA,1
Dividend Growth L0,PWF-CA,1
Dividend Growth L0,NPI-CA,1
Dividend Growth L0,BEP.UT-CA,1
Dividend Growth L0,H-CA,1
Dividend Growth L0,GWO-CA,1
Dividend Growth L0,CPX-CA,1
Dividend Growth L0,BCE-CA,1
Dividend Growth L0,OR-CA,1
Dividend Growth L0,EMA-CA,1
Dividend Growth L0,WN-CA,1
Dividend Growth L0,BNS-CA,1
Dividend Growth L0,AP.UT-CA,1
Dividend Growth L0,ZZZ-CA,1
Dividend Growth L0,POW-CA,1
Dividend Growth L0,ENB-CA,1
Dividend Growth L0,RCI.B-CA,1
Dividend Growth L0,PPL-CA,1
Dividend Growth L0,STN-CA,1
Dividend Growth L0,CWB-CA,1
Dividend Growth L0,PBH-CA,1
Dividend Growth L0,BMO-CA,1
Dividend Growth L0,BPY.UT-CA,1
Dividend Growth L0,T-CA,1
Dividend Growth L0,CU-CA,1
Dividend Growth L0,FNV-CA,1
Dividend Growth L0,NA-CA,1
Dividend Growth L0,KMP.UT-CA,1
Dividend Growth L0,RY-CA,1
Dividend Growth L0,FTS-CA,1
Dividend Growth L0,TCN-CA,1
Dividend Growth L0,ECA-CA,1
Dividend Growth L0,L-CA,1
Dividend Growth L0,MIC-CA,1
Dividend Growth L0,CTC.A-CA,1
Dividend Growth L0,SAP-CA,1
Dividend Growth L0,TRP-CA,1
Dividend Growth L0,CNQ-CA,1
Dividend Growth L0,RCH-CA,1
Dividend Growth L0,SU-CA,1
Dividend Growth L0,AEM-CA,1
Dividend Growth L0,ARE-CA,1
Dividend Growth L0,EMP.A-CA,1
Dividend Growth L0,IFC-CA,1
Dividend Growth L0,ONEX-CA,1
Dividend Growth L0,ACO.X-CA,1
Dividend Growth L0,BIP.UT-CA,1
Dividend Growth L0,SLF-CA,1
Dividend Growth L0,TD-CA,1
Dividend Growth L0,CAR.UT-CA,1
Dividend Growth L0,MFI-CA,1
Dividend Growth L0,MFC-CA,1
Dividend Growth L0,IAG-CA,1
Dividend Growth L0,LIF-CA,1
Dividend Growth L0,ABX-CA,1
Dividend Growth L0,IMO-CA,1
Dividend Growth L0,GRT.UT-CA,1
Dividend Growth L0,X-CA,1
Dividend Growth L0,PAAS-CA,1
Dividend Growth L0,CJT-CA,1
Dividend Growth L0,EFX-CA,1
Dividend Growth L0,AQN-CA,1
Dividend Growth L0,MRU-CA,1
Dividend Growth L0,PSI-CA,1
Dividend Growth L0,IIP.UT-CA,1
Dividend Growth L0,CNR-CA,1
Dividend Growth L0,BAM.A-CA,1
Dividend Growth L0,MG-CA,1
Dividend Growth L0,TFII-CA,1
Dividend Growth L0,CP-CA,1
Dividend Growth L0,SJ-CA,1
Dividend Growth L0,OGC-CA,1
Dividend Growth L0,TIH-CA,1
Dividend Growth L0,ATD.B-CA,1
Dividend Growth L0,CAE-CA,1
Dividend Growth L0,DOL-CA,1
Dividend Growth L0,CCL.B-CA,1
Dividend Growth L0,ENGH-CA,1
Dividend Growth L0,WCN-CA,1
Dividend Growth L0,MTY-CA,1
Dividend Growth L0,MRE-CA,1
Dividend Growth L0,CIGI-CA,1
Dividend Growth L0,GIL-CA,1
Dividend Growth L0,WFT-CA,1
Dividend Growth L0,BAD-CA,1
Dividend Growth L0,QBR.B-CA,1
Dividend Difference L1,NXE-CA,0
Dividend Difference L1,GEI-CA,0
Dividend Difference L1,D.UT-CA,0
Dividend Difference L1,WSP-CA,0
Dividend Difference L1,CHP.UT-CA,0
Dividend Difference L1,EDV-CA,0
Dividend Difference L1,LUN-CA,0
Dividend Difference L1,KEL-CA,0
Dividend Difference L1,IFP-CA,0
Dividend Difference L1,RNW-CA,0
Dividend Difference L1,APHA-CA,0
Dividend Difference L1,SW-CA,0
Dividend Difference L1,TRST-CA,0
Dividend Difference L1,BBU.UT-CA,0
Dividend Difference L1,EFN-CA,0
Dividend Difference L1,AIF-CA,0
Dividend Difference L1,CG-CA,0
Dividend Difference L1,CCO-CA,0
Dividend Difference L1,CSH.UT-CA,0
Dividend Difference L1,LNR-CA,0
Dividend Difference L1,HR.UT-CA,0
Dividend Difference L1,IGM-CA,0
Dividend Difference L1,ATZ-CA,0
Dividend Difference L1,SSL-CA,0
Dividend Difference L1,CHR-CA,0
Dividend Difference L1,CVE-CA,0
Dividend Difference L1,AFN-CA,0
Dividend Difference L1,PVG-CA,0
Dividend Difference L1,BIR-CA,0
Dividend Difference L1,CPG-CA,0
Dividend Difference L1,SSRM-CA,0
Dividend Difference L1,K-CA,0
Dividend Difference L1,NTR-CA,0
Dividend Difference L1,CFP-CA,0
Dividend Difference L1,NG-CA,0
Dividend Difference L1,MSI-CA,0
Dividend Difference L1,DSG-CA,0
Dividend Difference L1,BTO-CA,0
Dividend Difference L1,CUF.UT-CA,0
Dividend Difference L1,AGI-CA,0
Dividend Difference L1,WJA-CA,0
Dividend Difference L1,MAG-CA,0
Dividend Difference L1,CRR.UT-CA,0
Dividend Difference L1,KXS-CA,0
Dividend Difference L1,ERF-CA,0
Dividend Difference L1,ASR-CA,0
Dividend Difference L1,CIX-CA,0
Dividend Difference L1,ARX-CA,0
Dividend Difference L1,NVU.UT-CA,0
Dividend Difference L1,HEXO-CA,0
Dividend Difference L1,TECK.B-CA,0
Dividend Difference L1,SMF-CA,0
Dividend Difference L1,GOOS-CA,0
Dividend Difference L1,HSE-CA,0
Dividend Difference L1,SHOP-CA,0
Dividend Difference L1,KL-CA,0
Dividend Difference L1,IVN-CA,0
Dividend Difference L1,NWH.UT-CA,0
Dividend Difference L1,BEI.UT-CA,0
Dividend Difference L1,SJR.B-CA,0
Dividend Difference L1,FCR-CA,0
Dividend Difference L1,ACB-CA,0
Dividend Difference L1,ESI-CA,0
Dividend Difference L1,PEY-CA,0
Dividend Difference L1,ERO-CA,0
Dividend Difference L1,TRQ-CA,0
Dividend Difference L1,SMU.UT-CA,0
Dividend Difference L1,GC-CA,0
Dividend Difference L1,FR-CA,0
Dividend Difference L1,DOO-CA,0
Dividend Difference L1,BB-CA,0
Dividend Difference L1,SCL-CA,0
Dividend Difference L1,SRU.UT-CA,0
Dividend Difference L1,TXG-CA,0
Dividend Difference L1,GIB.A-CA,0
Dividend Difference L1,GUD-CA,0
Dividend Difference L1,WPK-CA,0
Dividend Difference L1,ECN-CA,0
Dividend Difference L1,DRG.UT-CA,0
Dividend Difference L1,WCP-CA,0
Dividend Difference L1,DGC-CA,0
Dividend Difference L1,TOU-CA,0
Dividend Difference L1,WTE-CA,0
Dividend Difference L1,AX.UT-CA,0
Dividend Difference L1,PXT-CA,0
Dividend Difference L1,WEED-CA,0
Dividend Difference L1,DIR.UT-CA,0
Dividend Difference L1,EXE-CA,0
Dividend Difference L1,ALA-CA,0
Dividend Difference L1,TOY-CA,0
Dividend Difference L1,CRON-CA,0
Dividend Difference L1,TRI-CA,1
Dividend Difference L1,CSU-CA,1
Dividend Difference L1,SNC-CA,1
Dividend Difference L1,TOG-CA,1
Dividend Difference L1,CGX-CA,1
Dividend Difference L1,FRU-CA,1
Dividend Difference L1,AD-CA,1
Dividend Difference L1,PSK-CA,1
Dividend Difference L1,IPL-CA,1
Dividend Difference L1,TCL.A-CA,1
Dividend Difference L1,FFH-CA,1
Dividend Difference L1,WEF-CA,1
Dividend Difference L1,LB-CA,1
Dividend Difference L1,MTL-CA,1
Dividend Difference L1,REI.UT-CA,1
Dividend Difference L1,SES-CA,1
Dividend Difference L1,SIA-CA,1
Dividend Difference L1,CM-CA,1
Dividend Difference L1,EIF-CA,1
Dividend Difference L1,FTT-CA,1
Dividend Difference L1,KEY-CA,1
Dividend Difference L1,NWC-CA,1
Dividend Difference L1,NFI-CA,1
Dividend Difference L1,WPM-CA,1
Dividend Difference L1,BLX-CA,1
Dividend Difference L1,INE-CA,1
Dividend Difference L1,PWF-CA,1
Dividend Difference L1,NPI-CA,1
Dividend Difference L1,BEP.UT-CA,1
Dividend Difference L1,H-CA,1
Dividend Difference L1,GWO-CA,1
Dividend Difference L1,CPX-CA,1
Dividend Difference L1,BCE-CA,1
Dividend Difference L1,OR-CA,1
Dividend Difference L1,EMA-CA,1
Dividend Difference L1,WN-CA,1
Dividend Difference L1,BNS-CA,1
Dividend Difference L1,AP.UT-CA,1
Dividend Difference L1,ZZZ-CA,1
Dividend Difference L1,POW-CA,1
Dividend Difference L1,ENB-CA,1
Dividend Difference L1,RCI.B-CA,1
Dividend Difference L1,PPL-CA,1
Dividend Difference L1,STN-CA,1
Dividend Difference L1,CWB-CA,1
Dividend Difference L1,PBH-CA,1
Dividend Difference L1,BMO-CA,1
Dividend Difference L1,BPY.UT-CA,1
Dividend Difference L1,T-CA,1
Dividend Difference L1,CU-CA,1
Dividend Difference L1,FNV-CA,1
Dividend Difference L1,NA-CA,1
Dividend Difference L1,KMP.UT-CA,1
Dividend Difference L1,RY-CA,1
Dividend Difference L1,FTS-CA,1
Dividend Difference L1,TCN-CA,1
Dividend Difference L1,ECA-CA,1
Dividend Difference L1,L-CA,1
Dividend Difference L1,MIC-CA,1
Dividend Difference L1,CTC.A-CA,1
Dividend Difference L1,SAP-CA,1
Dividend Difference L1,TRP-CA,1
Dividend Difference L1,CNQ-CA,1
Dividend Difference L1,RCH-CA,1
Dividend Difference L1,SU-CA,1
Dividend Difference L1,AEM-CA,1
Dividend Difference L1,ARE-CA,1
Dividend Difference L1,EMP.A-CA,1
Dividend Difference L1,IFC-CA,1
Dividend Difference L1,ONEX-CA,1
Dividend Difference L1,ACO.X-CA,1
Dividend Difference L1,BIP.UT-CA,1
Dividend Difference L1,SLF-CA,1
Dividend Difference L1,TD-CA,1
Dividend Difference L1,CAR.UT-CA,1
Dividend Difference L1,MFI-CA,1
Dividend Difference L1,MFC-CA,1
Dividend Difference L1,IAG-CA,1
Dividend Difference L1,LIF-CA,1
Dividend Difference L1,ABX-CA,1
Dividend Difference L1,IMO-CA,1
Dividend Difference L1,GRT.UT-CA,1
Dividend Difference L1,X-CA,1
Dividend Difference L1,PAAS-CA,1
Dividend Difference L1,CJT-CA,1
Dividend Difference L1,EFX-CA,1
Dividend Difference L1,AQN-CA,1
Dividend Difference L1,MRU-CA,1
Dividend Difference L1,PSI-CA,1
Dividend Difference L1,IIP.UT-CA,1
Dividend Difference L1,CNR-CA,1
Dividend Difference L1,BAM.A-CA,1
Dividend Difference L1,MG-CA,1
Dividend Difference L1,TFII-CA,1
Dividend Difference L1,CP-CA,1
Dividend Difference L1,SJ-CA,1
Dividend Difference L1,OGC-CA,1
Dividend Difference L1,TIH-CA,1
Dividend Difference L1,ATD.B-CA,1
Dividend Difference L1,CAE-CA,1
Dividend Difference L1,DOL-CA,1
Dividend Difference L1,CCL.B-CA,1
Dividend Difference L1,ENGH-CA,1
Dividend Difference L1,WCN-CA,1
Dividend Difference L1,MTY-CA,1
Dividend Difference L1,MRE-CA,1
Dividend Difference L1,CIGI-CA,1
Dividend Difference L1,GIL-CA,1
Dividend Difference L1,WFT-CA,1
Dividend Difference L1,BAD-CA,1
Dividend Difference L1,QBR.B-CA,1
topN,NXE-CA,0
topN,GEI-CA,0
topN,D.UT-CA,0
topN,WSP-CA,0
topN,CHP.UT-CA,0
topN,EDV-CA,0
topN,LUN-CA,0
topN,KEL-CA,0
topN,IFP-CA,0
topN,RNW-CA,0
topN,APHA-CA,0
topN,SW-CA,0
topN,TRST-CA,0
topN,BBU.UT-CA,0
topN,EFN-CA,0
topN,AIF-CA,0
topN,CG-CA,0
topN,CCO-CA,0
topN,CSH.UT-CA,0
topN,LNR-CA,0
topN,HR.UT-CA,0
topN,IGM-CA,0
topN,ATZ-CA,0
topN,SSL-CA,0
topN,CHR-CA,0
topN,CVE-CA,0
topN,AFN-CA,0
topN,PVG-CA,0
topN,BIR-CA,0
topN,CPG-CA,0
topN,SSRM-CA,0
topN,K-CA,0
topN,NTR-CA,0
topN,CFP-CA,0
topN,NG-CA,0
topN,MSI-CA,0
topN,DSG-CA,0
topN,BTO-CA,0
topN,CUF.UT-CA,0
topN,AGI-CA,0
topN,WJA-CA,0
topN,MAG-CA,0
topN,CRR.UT-CA,0
topN,KXS-CA,0
topN,ERF-CA,0
topN,ASR-CA,0
topN,CIX-CA,0
topN,ARX-CA,0
topN,NVU.UT-CA,0
topN,HEXO-CA,0
topN,TECK.B-CA,0
topN,SMF-CA,0
topN,GOOS-CA,0
topN,HSE-CA,0
topN,SHOP-CA,0
topN,KL-CA,0
topN,IVN-CA,0
topN,NWH.UT-CA,0
topN,BEI.UT-CA,0
topN,SJR.B-CA,0
topN,FCR-CA,0
topN,ACB-CA,0
topN,ESI-CA,0
topN,PEY-CA,0
topN,ERO-CA,0
topN,TRQ-CA,0
topN,SMU.UT-CA,0
topN,GC-CA,0
topN,FR-CA,0
topN,DOO-CA,0
topN,BB-CA,0
topN,SCL-CA,0
topN,SRU.UT-CA,0
topN,TXG-CA,0
topN,GIB.A-CA,0
topN,GUD-CA,0
topN,WPK-CA,0
topN,ECN-CA,0
topN,DRG.UT-CA,0
topN,WCP-CA,0
topN,DGC-CA,0
topN,TOU-CA,0
topN,WTE-CA,0
topN,AX.UT-CA,0
topN,PXT-CA,0
topN,WEED-CA,0
topN,DIR.UT-CA,0
topN,EXE-CA,0
topN,ALA-CA,0
topN,TOY-CA,0
topN,CRON-CA,0
topN,TRI-CA,0
topN,CSU-CA,0
topN,SNC-CA,0
topN,TOG-CA,0
topN,CGX-CA,0
topN,FRU-CA,0
topN,AD-CA,0
topN,PSK-CA,0
topN,IPL-CA,0
topN,TCL.A-CA,0
topN,FFH-CA,0
topN,WEF-CA,0
topN,LB-CA,0
topN,MTL-CA,0
topN,REI.UT-CA,0
topN,SES-CA,0
topN,SIA-CA,0
topN,CM-CA,0
topN,EIF-CA,0
topN,FTT-CA,0
topN,KEY-CA,0
topN,NWC-CA,0
topN,NFI-CA,0
topN,WPM-CA,0
topN,BLX-CA,0
topN,INE-CA,0
topN,PWF-CA,0
topN,NPI-CA,0
topN,BEP.UT-CA,0
topN,H-CA,0
topN,GWO-CA,0
topN,CPX-CA,0
topN,BCE-CA,0
topN,OR-CA,0
topN,EMA-CA,0
topN,WN-CA,0
topN,BNS-CA,0
topN,AP.UT-CA,0
topN,ZZZ-CA,0
topN,POW-CA,0
topN,ENB-CA,0
topN,RCI.B-CA,0
topN,PPL-CA,0
topN,STN-CA,0
topN,CWB-CA,0
topN,PBH-CA,0
topN,BMO-CA,0
topN,BPY.UT-CA,0
topN,T-CA,0
topN,CU-CA,0
topN,FNV-CA,0
topN,NA-CA,0
topN,KMP.UT-CA,0
topN,RY-CA,0
topN,FTS-CA,0
topN,TCN-CA,0
topN,ECA-CA,1
topN,L-CA,1
topN,MIC-CA,1
topN,CTC.A-CA,1
topN,SAP-CA,1
topN,TRP-CA,1
topN,CNQ-CA,1
topN,RCH-CA,1
topN,SU-CA,1
topN,AEM-CA,1
topN,ARE-CA,1
topN,EMP.A-CA,1
topN,IFC-CA,1
topN,ONEX-CA,1
topN,ACO.X-CA,1
topN,BIP.UT-CA,1
topN,SLF-CA,1
topN,TD-CA,1
topN,CAR.UT-CA,1
topN,MFI-CA,1
topN,MFC-CA,1
topN,IAG-CA,1
topN,LIF-CA,1
topN,ABX-CA,1
topN,IMO-CA,1
topN,GRT.UT-CA,1
topN,X-CA,1
topN,PAAS-CA,1
topN,CJT-CA,1
topN,EFX-CA,1
topN,AQN-CA,1
topN,MRU-CA,1
topN,PSI-CA,1
topN,IIP.UT-CA,1
topN,CNR-CA,1
topN,BAM.A-CA,1
topN,MG-CA,1
topN,TFII-CA,1
topN,CP-CA,1
topN,SJ-CA,1
topN,OGC-CA,1
topN,TIH-CA,1
topN,ATD.B-CA,1
topN,CAE-CA,1
topN,DOL-CA,1
topN,CCL.B-CA,1
topN,ENGH-CA,1
topN,WCN-CA,1
topN,MTY-CA,1
topN,MRE-CA,1
topN,CIGI-CA,1
topN,GIL-CA,1
topN,WFT-CA,1
topN,BAD-CA,1
topN,QBR.B-CA,1
